FILE_NAME,SAMPLE_RATE,HR,LABEL
000.pkl,500,80,1
001.pkl,500,89,1
002.pkl,500,86,1
003.pkl,500,71,1
004.pkl,500,68,1
005.pkl,500,106,2
006.pkl,500,51,0
007.pkl,500,79,1
008.pkl,500,40,0
009.pkl,500,93,1
010.pkl,500,77,1
011.pkl,500,93,1
012.pkl,500,80,1
013.pkl,500,103,2
014.pkl,500,96,1
015.pkl,500,72,1
016.pkl,500,79,1
017.pkl,500,109,2
018.pkl,500,52,0
019.pkl,500,64,1
020.pkl,500,125,2
021.pkl,500,67,1
022.pkl,500,85,1
023.pkl,500,105,2
024.pkl,500,107,2
025.pkl,500,83,1
026.pkl,500,78,1
027.pkl,500,71,1
028.pkl,500,46,0
029.pkl,500,70,1
030.pkl,500,127,2
031.pkl,500,112,2
032.pkl,500,69,1
033.pkl,500,61,1
034.pkl,500,45,0
035.pkl,500,86,1
036.pkl,500,88,1
037.pkl,500,97,1
038.pkl,500,97,1
039.pkl,500,76,1
040.pkl,500,77,1
041.pkl,500,97,1
042.pkl,500,117,2
043.pkl,500,69,1
044.pkl,500,111,2
045.pkl,500,95,1
046.pkl,500,75,1
047.pkl,500,68,1
048.pkl,500,76,1
049.pkl,500,54,0
050.pkl,500,60,1
051.pkl,500,102,2
052.pkl,500,75,1
053.pkl,500,61,1
054.pkl,500,106,2
055.pkl,500,54,0
056.pkl,500,99,1
057.pkl,500,80,1
058.pkl,500,40,0
059.pkl,500,78,1
060.pkl,500,91,1
061.pkl,500,96,1
062.pkl,500,72,1
063.pkl,500,105,2
064.pkl,500,59,0
065.pkl,500,120,2
066.pkl,500,70,1
067.pkl,500,92,1
068.pkl,500,89,1
069.pkl,500,106,2
070.pkl,500,93,1
071.pkl,500,81,1
072.pkl,500,105,2
073.pkl,500,88,1
074.pkl,500,60,1
075.pkl,500,56,0
076.pkl,500,90,1
077.pkl,500,76,1
078.pkl,500,85,1
079.pkl,500,108,2
080.pkl,500,77,1
081.pkl,500,97,1
082.pkl,500,55,0
083.pkl,500,79,1
084.pkl,500,50,0
085.pkl,500,59,0
086.pkl,500,79,1
087.pkl,500,107,2
088.pkl,500,56,0
089.pkl,500,103,2
090.pkl,500,97,1
091.pkl,500,95,1
092.pkl,500,68,1
093.pkl,500,78,1
094.pkl,500,98,1
095.pkl,500,51,0
096.pkl,500,83,1
097.pkl,500,90,1
098.pkl,500,69,1
099.pkl,500,62,1
